<?xml version="1.0" encoding="UTF-8"?>
<metadata xml:lang="en"><Esri><CreaDate>20181011</CreaDate><CreaTime>17550400</CreaTime><ArcGISFormat>1.0</ArcGISFormat><SyncOnce>FALSE</SyncOnce><DataProperties><itemProps><itemLocation><linkage Sync="TRUE">file://\\DESKTOP-71079L9\C$\Users\ChuenSiangKang\OneDrive - Think city\TC_CSK\Recruitment\Spatial Analyst Assessment\KLCCD_Blocks.shp</linkage><protocol Sync="TRUE">Local Area Network</protocol></itemLocation><itemName Sync="TRUE">KLCCD_Blocks</itemName><imsContentType Sync="TRUE">002</imsContentType><itemSize Sync="TRUE">0.000</itemSize></itemProps><copyHistory><copy source="D:\KL_SMP_block" dest="\\DESKTOP-TUNR44L\D$\KL SMP Survey block\KL_SMP_block" date="20181011" time="17560200"></copy></copyHistory><coordRef><type Sync="TRUE">Geographic</type><geogcsn Sync="TRUE">GCS_WGS_1984</geogcsn><csUnits Sync="TRUE">Angular Unit: Degree (0.017453)</csUnits><peXml Sync="TRUE">&lt;GeographicCoordinateSystem xsi:type='typens:GeographicCoordinateSystem' xmlns:xsi='http://www.w3.org/2001/XMLSchema-instance' xmlns:xs='http://www.w3.org/2001/XMLSchema' xmlns:typens='http://www.esri.com/schemas/ArcGIS/3.2.0'&gt;&lt;WKT&gt;GEOGCS[&amp;quot;GCS_WGS_1984&amp;quot;,DATUM[&amp;quot;D_WGS_1984&amp;quot;,SPHEROID[&amp;quot;WGS_1984&amp;quot;,6378137.0,298.257223563]],PRIMEM[&amp;quot;Greenwich&amp;quot;,0.0],UNIT[&amp;quot;Degree&amp;quot;,0.0174532925199433],AUTHORITY[&amp;quot;EPSG&amp;quot;,4326]]&lt;/WKT&gt;&lt;XOrigin&gt;-400&lt;/XOrigin&gt;&lt;YOrigin&gt;-400&lt;/YOrigin&gt;&lt;XYScale&gt;11258999068426.238&lt;/XYScale&gt;&lt;ZOrigin&gt;-100000&lt;/ZOrigin&gt;&lt;ZScale&gt;10000&lt;/ZScale&gt;&lt;MOrigin&gt;-100000&lt;/MOrigin&gt;&lt;MScale&gt;10000&lt;/MScale&gt;&lt;XYTolerance&gt;8.983152841195215e-09&lt;/XYTolerance&gt;&lt;ZTolerance&gt;0.001&lt;/ZTolerance&gt;&lt;MTolerance&gt;0.001&lt;/MTolerance&gt;&lt;HighPrecision&gt;true&lt;/HighPrecision&gt;&lt;LeftLongitude&gt;-180&lt;/LeftLongitude&gt;&lt;WKID&gt;4326&lt;/WKID&gt;&lt;LatestWKID&gt;4326&lt;/LatestWKID&gt;&lt;/GeographicCoordinateSystem&gt;</peXml></coordRef><lineage><Process ToolSource="c:\program files\arcgis\pro\Resources\ArcToolbox\toolboxes\Conversion Tools.tbx\ExportFeatures" Date="20230511" Time="105908">ExportFeatures KL_SMP_block "C:\Users\ChuenSiangKang\OneDrive - Think city\TC_CSK\2023_03_KLCCD_BaselineStudy\GIS files\KL_SMP_blocks.shp" # NOT_USE_ALIAS "SHAPE_Leng "SHAPE_Leng" true true false 19 Double 11 18,First,#,KL_SMP_block,SHAPE_Leng,-1,-1;SHAPE_Area "SHAPE_Area" true true false 19 Double 11 18,First,#,KL_SMP_block,SHAPE_Area,-1,-1;Block "Block" true true false 10 Text 0 0,First,#,KL_SMP_block,Block,0,10" #</Process><Process ToolSource="c:\program files\arcgis\pro\Resources\ArcToolbox\toolboxes\Data Management Tools.tbx\UpdateSchema" Date="20230511" Time="110834">UpdateSchema "CIMDATA=&lt;CIMStandardDataConnection xsi:type='typens:CIMStandardDataConnection' xmlns:xsi='http://www.w3.org/2001/XMLSchema-instance' xmlns:xs='http://www.w3.org/2001/XMLSchema' xmlns:typens='http://www.esri.com/schemas/ArcGIS/3.0.0'&gt;&lt;WorkspaceConnectionString&gt;DATABASE=C:\Users\ChuenSiangKang\OneDrive - Think city\TC_CSK\2023_03_KLCCD_BaselineStudy\GIS files&lt;/WorkspaceConnectionString&gt;&lt;WorkspaceFactory&gt;Shapefile&lt;/WorkspaceFactory&gt;&lt;Dataset&gt;KL_SMP_blocks&lt;/Dataset&gt;&lt;DatasetType&gt;esriDTFeatureClass&lt;/DatasetType&gt;&lt;/CIMStandardDataConnection&gt;" &lt;operationSequence&gt;&lt;workflow&gt;&lt;AddField&gt;&lt;field_name&gt;Area_Ha&lt;/field_name&gt;&lt;field_type&gt;FLOAT&lt;/field_type&gt;&lt;field_is_nullable&gt;False&lt;/field_is_nullable&gt;&lt;field_is_required&gt;False&lt;/field_is_required&gt;&lt;/AddField&gt;&lt;/workflow&gt;&lt;/operationSequence&gt;</Process><Process ToolSource="c:\program files\arcgis\pro\Resources\ArcToolbox\toolboxes\Data Management Tools.tbx\CalculateGeometryAttributes" Date="20230511" Time="110857">CalculateGeometryAttributes "KL Baseline 2014\KL_SMP_blocks" "Area_Ha AREA_GEODESIC" # Hectares GEOGCS["GCS_WGS_1984",DATUM["D_WGS_1984",SPHEROID["WGS_1984",6378137.0,298.257223563]],PRIMEM["Greenwich",0.0],UNIT["Degree",0.0174532925199433]] "Same as input"</Process><Process ToolSource="c:\program files\arcgis\pro\Resources\ArcToolbox\toolboxes\Conversion Tools.tbx\ExportFeatures" Date="20230801" Time="120439">ExportFeatures "Core zone" "C:\Users\ChuenSiangKang\OneDrive - Think city\TC_CSK\2023_03_KLCCD_BaselineStudy\GIS files\KLCCD_core_district\KLCCD core districts.shp" # NOT_USE_ALIAS "SHAPE_Leng "SHAPE_Leng" true true false 19 Double 11 18,First,#,Core zone,SHAPE_Leng,-1,-1;SHAPE_Area "SHAPE_Area" true true false 19 Double 11 18,First,#,Core zone,SHAPE_Area,-1,-1;Block "Block" true true false 10 Text 0 0,First,#,Core zone,Block,0,10;Area_Ha "Area_Ha" true true false 13 Float 0 0,First,#,Core zone,Area_Ha,-1,-1" #</Process><Process ToolSource="c:\program files\arcgis\pro\Resources\ArcToolbox\toolboxes\Conversion Tools.tbx\ExportFeatures" Date="20240408" Time="141338">ExportFeatures "KLCCD core districts" "C:\Users\masla\OneDrive - Think city\2024\Kuala Lumpur\KLCCD Boundary\Core Zone\KLCCD_Corezone_precinct.shp" # NOT_USE_ALIAS "SHAPE_Leng "SHAPE_Leng" true true false 19 Double 11 18,First,#,KLCCD core districts,SHAPE_Leng,-1,-1;SHAPE_Area "SHAPE_Area" true true false 19 Double 11 18,First,#,KLCCD core districts,SHAPE_Area,-1,-1;Block "Block" true true false 10 Text 0 0,First,#,KLCCD core districts,Block,0,9;Area_Ha "Area_Ha" true true false 13 Float 0 0,First,#,KLCCD core districts,Area_Ha,-1,-1" #</Process><Process ToolSource="c:\program files\arcgis\pro\Resources\ArcToolbox\toolboxes\Conversion Tools.tbx\ExportFeatures" Date="20250102" Time="144150">ExportFeatures KLCCD_Corezone_precinct "C:\Users\ChuenSiangKang\OneDrive - Think city\TC_CSK\Recruitment\Spatial Analyst Assessment\KLCCD_Blocks.shp" # NOT_USE_ALIAS "SHAPE_Leng "SHAPE_Leng" true true false 19 Double 11 18,First,#,KLCCD_Corezone_precinct,SHAPE_Leng,-1,-1;SHAPE_Area "SHAPE_Area" true true false 19 Double 11 18,First,#,KLCCD_Corezone_precinct,SHAPE_Area,-1,-1;Block "Block" true true false 10 Text 0 0,First,#,KLCCD_Corezone_precinct,Block,0,9;Area_Ha "Area_Ha" true true false 13 Float 0 0,First,#,KLCCD_Corezone_precinct,Area_Ha,-1,-1" #</Process></lineage></DataProperties><SyncDate>20250102</SyncDate><SyncTime>14415000</SyncTime><ModDate>20250102</ModDate><ModTime>14415000</ModTime></Esri><dataIdInfo><envirDesc Sync="TRUE">Microsoft Windows 10 Version 10.0 (Build 26100) ; Esri ArcGIS 13.2.2.49743</envirDesc><dataLang><languageCode value="eng" Sync="TRUE"></languageCode><countryCode value="MYS" Sync="TRUE"></countryCode></dataLang><idCitation><resTitle Sync="TRUE">KLCCD_Blocks</resTitle><presForm><PresFormCd value="005" Sync="TRUE"></PresFormCd></presForm></idCitation><spatRpType><SpatRepTypCd value="001" Sync="TRUE"></SpatRepTypCd></spatRpType></dataIdInfo><mdLang><languageCode value="eng" Sync="TRUE"></languageCode><countryCode value="MYS" Sync="TRUE"></countryCode></mdLang><mdChar><CharSetCd value="004" Sync="TRUE"></CharSetCd></mdChar><distInfo><distFormat><formatName Sync="TRUE">Shapefile</formatName></distFormat><distTranOps><transSize Sync="TRUE">0.000</transSize></distTranOps></distInfo><mdHrLv><ScopeCd value="005" Sync="TRUE"></ScopeCd></mdHrLv><mdHrLvName Sync="TRUE">dataset</mdHrLvName><refSysInfo><RefSystem><refSysID><identCode code="4326" Sync="TRUE"></identCode><idCodeSpace Sync="TRUE">EPSG</idCodeSpace><idVersion Sync="TRUE">6.2(3.0.1)</idVersion></refSysID></RefSystem></refSysInfo><spatRepInfo><VectSpatRep><geometObjs Name="KLCCD_Blocks"><geoObjTyp><GeoObjTypCd value="002" Sync="TRUE"></GeoObjTypCd></geoObjTyp><geoObjCnt Sync="TRUE">0</geoObjCnt></geometObjs><topLvl><TopoLevCd value="001" Sync="TRUE"></TopoLevCd></topLvl></VectSpatRep></spatRepInfo><spdoinfo><ptvctinf><esriterm Name="KLCCD_Blocks"><efeatyp Sync="TRUE">Simple</efeatyp><efeageom code="4" Sync="TRUE"></efeageom><esritopo Sync="TRUE">FALSE</esritopo><efeacnt Sync="TRUE">0</efeacnt><spindex Sync="TRUE">FALSE</spindex><linrefer Sync="TRUE">TRUE</linrefer></esriterm></ptvctinf></spdoinfo><eainfo><detailed Name="KLCCD_Blocks"><enttyp><enttypl Sync="TRUE">KLCCD_Blocks</enttypl><enttypt Sync="TRUE">Feature Class</enttypt><enttypc Sync="TRUE">0</enttypc></enttyp><attr><attrlabl Sync="TRUE">FID</attrlabl><attalias Sync="TRUE">FID</attalias><attrtype Sync="TRUE">OID</attrtype><attwidth Sync="TRUE">4</attwidth><atprecis Sync="TRUE">0</atprecis><attscale Sync="TRUE">0</attscale><attrdef Sync="TRUE">Internal feature number.</attrdef><attrdefs Sync="TRUE">Esri</attrdefs><attrdomv><udom Sync="TRUE">Sequential unique whole numbers that are automatically generated.</udom></attrdomv></attr><attr><attrlabl Sync="TRUE">Shape</attrlabl><attalias Sync="TRUE">Shape</attalias><attrtype Sync="TRUE">Geometry</attrtype><attwidth Sync="TRUE">0</attwidth><atprecis Sync="TRUE">0</atprecis><attscale Sync="TRUE">0</attscale><attrdef Sync="TRUE">Feature geometry.</attrdef><attrdefs Sync="TRUE">Esri</attrdefs><attrdomv><udom Sync="TRUE">Coordinates defining the features.</udom></attrdomv></attr><attr><attrlabl Sync="TRUE">SHAPE_Leng</attrlabl><attalias Sync="TRUE">SHAPE_Leng</attalias><attrtype Sync="TRUE">Double</attrtype><attwidth Sync="TRUE">19</attwidth><atprecis Sync="TRUE">18</atprecis><attscale Sync="TRUE">11</attscale></attr><attr><attrlabl Sync="TRUE">SHAPE_Area</attrlabl><attalias Sync="TRUE">SHAPE_Area</attalias><attrtype Sync="TRUE">Double</attrtype><attwidth Sync="TRUE">19</attwidth><atprecis Sync="TRUE">18</atprecis><attscale Sync="TRUE">11</attscale><attrdef Sync="TRUE">Area of feature in internal units squared.</attrdef><attrdefs Sync="TRUE">Esri</attrdefs><attrdomv><udom Sync="TRUE">Positive real numbers that are automatically generated.</udom></attrdomv></attr><attr><attrlabl Sync="TRUE">Block</attrlabl><attalias Sync="TRUE">Block</attalias><attrtype Sync="TRUE">String</attrtype><attwidth Sync="TRUE">10</attwidth><atprecis Sync="TRUE">0</atprecis><attscale Sync="TRUE">0</attscale></attr><attr><attrlabl Sync="TRUE">Area_Ha</attrlabl><attalias Sync="TRUE">Area_Ha</attalias><attrtype Sync="TRUE">Single</attrtype><attwidth Sync="TRUE">13</attwidth><atprecis Sync="TRUE">0</atprecis><attscale Sync="TRUE">0</attscale></attr></detailed></eainfo><mdDateSt Sync="TRUE">20250102</mdDateSt></metadata>
